{
 "austen-novels": {
  "floor": -1.0000000000000002,
  "genuine": [
   -0.040130961590741344,
   0.15456742099181212
  ],
  "replica": 0.04254481054730221,
  "impostor_fa": [
   26,
   26
  ]
 },
 "twain-travel-letters": {
  "floor": -1.0000000000000004,
  "genuine": [
   -0.024546087247406017,
   -0.011152566978445692
  ],
  "replica": 0.05700126392164218,
  "impostor_fa": [
   26,
   26
  ]
 },
 "darwin-voyage-journal": {
  "floor": -1.0000000000000007,
  "genuine": [
   -0.021972560326144364,
   -0.021394656512807482
  ],
  "replica": -0.05273495605206145,
  "impostor_fa": [
   26,
   26
  ]
 },
 "pepys-diary": {
  "floor": -1.0000000000000004,
  "genuine": [
   0.007936553632390824,
   0.04846654071514149
  ],
  "replica": 0.008040645056917806,
  "impostor_fa": [
   26,
   26
  ]
 },
 "white-selborne-letters": {
  "floor": -1.0000000000000004,
  "genuine": [
   -0.05186005313661461,
   -0.07076220551969077
  ],
  "replica": -0.049155729471546956,
  "impostor_fa": [
   26,
   26
  ]
 },
 "faraday-lectures": {
  "floor": -1.0000000000000009,
  "genuine": [
   0.046236168916102376,
   0.05260685901071784
  ],
  "replica": -0.06128650467535854,
  "impostor_fa": [
   26,
   26
  ]
 },
 "chesterfield-letters": {
  "floor": -1.0000000000000004,
  "genuine": [
   -0.10283950420222018,
   -0.012020409018445248
  ],
  "replica": -0.1006213209325439,
  "impostor_fa": [
   26,
   26
  ]
 },
 "aurelius-meditations-casaubon": {
  "floor": -1.0000000000000007,
  "genuine": [
   0.07620849534473624,
   -0.02897669989563683
  ],
  "replica": -0.06476622415905503,
  "impostor_fa": [
   26,
   26
  ]
 },
 "grimm-fairy-tales-taylor": {
  "floor": -1.0000000000000004,
  "genuine": [
   0.026021936070134814,
   -0.09908929190016143
  ],
  "replica": 0.0910950003575512,
  "impostor_fa": [
   26,
   26
  ]
 },
 "beeton-household-manual": {
  "floor": -1.0000000000000004,
  "genuine": [
   -0.027306577848952903,
   -0.04992920269308702
  ],
  "replica": -0.008696946496359227,
  "impostor_fa": [
   26,
   26
  ]
 },
 "post-etiquette": {
  "floor": -1.0000000000000007,
  "genuine": [
   0.0536228957271282,
   0.10463526946011467
  ],
  "replica": -0.03178464937228271,
  "impostor_fa": [
   26,
   26
  ]
 },
 "strunk-style-manual": {
  "floor": -1.0000000000000002,
  "genuine": [
   -0.11380260246523458,
   -0.05649611483966119
  ],
  "replica": -0.18535307372929666,
  "impostor_fa": [
   26,
   26
  ]
 },
 "dana-sea-narrative": {
  "floor": -1.0,
  "genuine": [
   0.04688071897928359,
   -0.11191039494663534
  ],
  "replica": -0.0360423295624444,
  "impostor_fa": [
   26,
   26
  ]
 },
 "slocum-voyage-narrative": {
  "floor": -1.0000000000000009,
  "genuine": [
   -0.0766172009822995,
   -0.052529832797817234
  ],
  "replica": -0.08178105978957738,
  "impostor_fa": [
   26,
   26
  ]
 }
}